archer	jab	f5-6	su5	act2	tot21	end15	reach1.10H	z-0.98..0.98	d5.0	a45	kb100/20
archer	ftilt	f6-7	su6	act2	tot28	end21	reach1.10H	z-0.98..0.98	d10.0	a37	kb110/24
archer	ftilt^	f6-7	su6	act2	tot28	end21	reach1.10H	z-0.49..1.48	d10.0	a45	kb100/20
archer	ftiltv	f6-7	su6	act2	tot28	end21	reach1.10H	z-1.48..0.49	d10.0	a45	kb100/20
archer	utilt	f7-8	su7	act2	tot29	end21	reach1.10H	z-0.98..0.98	d8.0	a45	kb100/20
archer	dtilt	f6-7	su6	act2	tot28	end21	reach1.10H	z-0.98..0.98	d8.0	a45	kb100/20
archer	nair	f4-31	su4	act28	tot41	end10	reach0.68H	z-0.49..0.68	d7.0	a45	kb100/20
archer	fair	f6-7	su6	act2	tot31	end24	reach1.25H	z-0.49..0.76	d8.0	a45	kb100/20
rifleman	jab	f5-6	su5	act2	tot21	end15	reach1.10H	z-0.98..0.98	d5.0	a45	kb100/20
rifleman	ftilt	f6-7	su6	act2	tot28	end21	reach1.10H	z-0.98..0.98	d10.0	a37	kb110/24
rifleman	ftilt^	f6-7	su6	act2	tot28	end21	reach1.10H	z-0.49..1.48	d10.0	a45	kb100/20
rifleman	ftiltv	f6-7	su6	act2	tot28	end21	reach1.10H	z-1.48..0.49	d10.0	a45	kb100/20
rifleman	utilt	f7-8	su7	act2	tot29	end21	reach1.10H	z-0.98..0.98	d8.0	a45	kb100/20
rifleman	dtilt	f6-7	su6	act2	tot28	end21	reach1.10H	z-0.98..0.98	d10.0	a45	kb100/20
rifleman	nair	f4-31	su4	act28	tot41	end10	reach0.68H	z-0.49..0.68	d7.0	a45	kb100/20
rifleman	fair	f6-7	su6	act2	tot31	end24	reach1.25H	z-0.49..0.76	d8.0	a45	kb100/20
illidan	jab	f5-6	su5	act2	tot21	end15	reach0.70H	z-0.42..0.80	d5.0	a45	kb100/18
illidan	ftilt	f6-7	su6	act2	tot28	end21	reach1.02H	z-0.61..0.72	d8.0	a20	kb95/18
illidan	ftilt^	f6-7	su6	act2	tot28	end21	reach1.02H	z-0.23..1.10	d8.0	a29	kb100/18
illidan	ftiltv	f6-7	su6	act2	tot28	end21	reach1.02H	z-1.10..0.04	d8.0	a-29	kb100/18
illidan	utilt	f7-8	su7	act2	tot29	end21	reach0.95H	z-0.23..1.40	d8.0	a76	kb105/18
illidan	dtilt	f6-7	su6	act2	tot28	end21	reach0.87H	z-1.10..0.30	d7.0	a23	kb90/16
illidan	nair	f4-31	su4	act28	tot41	end10	reach0.87H	z-0.34..0.76	d7.0	a45	kb95/16
illidan	fair	f6-7	su6	act2	tot31	end24	reach1.33H	z-0.42..0.87	d6.0	a20	kb85/18
blademaster	jab	f4-5	su4	act2	tot18	end13	reach0.55H	z0.30..0.40	d3.0	a35	kb75/18
blademaster	ftilt	f8-10	su8	act3	tot29	end19	reach1.10H	z0.21..0.47	d10.0	a35	kb75/18
blademaster	ftilt^	f8-10	su8	act3	tot29	end19	reach1.10H	z0.33..0.88	d10.0	a35	kb75/18
blademaster	ftiltv	f8-10	su8	act3	tot29	end19	reach1.10H	z-0.20..0.35	d10.0	a35	kb75/18
blademaster	utilt	f7-11	su7	act5	tot31	end20	reach0.73H	z0.22..0.80	d8.0	a90	kb95/20
blademaster	dtilt	f7-9	su7	act3	tot26	end17	reach1.10H	z-0.03..0.15	d6.0	a75	kb55/12
blademaster	nair	f7-11	su7	act5	tot31	end20	reach0.80H	z0.18..0.80	d8.0	a50	kb75/18
blademaster	fair	f10-12	su10	act3	tot34	end22	reach1.10H	z0.18..0.50	d14.0	a40	kb100/22
mountain-king	jab	f5-6	su5	act2	tot21	end15	reach0.55H	z0.20..0.39	d4.0	a35	kb80/16
mountain-king	ftilt	f9-11	su9	act3	tot32	end21	reach0.80H	z0.03..0.62	d10.0	a35	kb100/25
mountain-king	ftilt^	f9-11	su9	act3	tot32	end21	reach0.80H	z0.26..0.80	d10.0	a35	kb100/25
mountain-king	ftiltv	f9-11	su9	act3	tot32	end21	reach0.80H	z-0.15..0.45	d10.0	a35	kb100/25
mountain-king	utilt	f8-11	su8	act4	tot33	end22	reach0.62H	z0.32..0.80	d9.0	a90	kb95/22
mountain-king	dtilt	f7-9	su7	act3	tot27	end18	reach0.55H	z-0.11..0.18	d7.0	a70	kb65/12
mountain-king	nair	f8-13	su8	act6	tot35	end22	reach0.18H	z-0.05..0.65	d10.0	a50	kb80/16
mountain-king	fair	f16-18	su16	act3	tot48	end30	reach0.80H	z-0.34..0.47	d16.0	a-90	kb100/24
warden	jab	f3-4	su3	act2	tot17	end13	reach0.55H	z0.29..0.41	d3.0	a35	kb75/18
warden	ftilt	f7-9	su7	act3	tot27	end18	reach0.80H	z0.20..0.48	d8.0	a35	kb75/18
warden	ftilt^	f7-9	su7	act3	tot27	end18	reach0.80H	z0.35..0.89	d8.0	a35	kb75/18
warden	ftiltv	f7-9	su7	act3	tot27	end18	reach0.80H	z-0.17..0.35	d8.0	a35	kb75/18
warden	utilt	f6-9	su6	act4	tot27	end18	reach0.80H	z0.26..0.80	d7.0	a85	kb55/12
warden	dtilt	f5-6	su5	act2	tot23	end17	reach0.80H	z0.00..0.11	d5.0	a70	kb55/12
warden	nair	f5-9	su5	act5	tot27	end18	reach0.80H	z0.22..0.80	d6.0	a50	kb75/18
warden	fair	f8-10	su8	act3	tot30	end20	reach0.80H	z0.15..0.53	d10.0	a40	kb100/22
lich	jab	f6-7	su6	act2	tot23	end16	reach0.55H	z0.26..0.39	d3.0	a35	kb75/18
lich	ftilt	f10-12	su10	act3	tot35	end23	reach0.80H	z0.25..0.43	d8.0	a35	kb75/18
lich	ftilt^	f10-12	su10	act3	tot35	end23	reach0.80H	z0.28..0.77	d8.0	a35	kb75/18
lich	ftiltv	f10-12	su10	act3	tot35	end23	reach0.80H	z-0.08..0.40	d8.0	a35	kb75/18
lich	utilt	f9-12	su9	act4	tot35	end23	reach0.39H	z0.45..0.80	d8.0	a85	kb95/20
lich	dtilt	f8-10	su8	act3	tot30	end20	reach0.80H	z-0.02..0.14	d6.0	a65	kb55/12
lich	nair	f9-14	su9	act6	tot37	end23	reach0.80H	z-0.46..1.14	d8.0	a50	kb75/18
lich	fair	f12-14	su12	act3	tot41	end27	reach1.10H	z0.06..0.56	d11.0	a40	kb100/22
uther	jab	f5-6	su5	act2	tot21	end15	reach0.55H	z0.38..0.56	d4.0	a35	kb80/16
uther	ftilt	f10-12	su10	act3	tot35	end23	reach1.10H	z0.05..0.74	d11.0	a35	kb100/25
uther	ftilt^	f10-12	su10	act3	tot35	end23	reach1.10H	z0.30..0.98	d11.0	a35	kb100/25
uther	ftiltv	f10-12	su10	act3	tot35	end23	reach1.10H	z-0.21..0.45	d11.0	a35	kb100/25
uther	utilt	f9-12	su9	act4	tot34	end22	reach0.62H	z0.32..0.80	d9.0	a85	kb95/22
uther	dtilt	f8-10	su8	act3	tot30	end20	reach0.80H	z-0.08..0.25	d7.0	a70	kb65/12
uther	nair	f8-12	su8	act5	tot35	end23	reach0.80H	z-0.43..0.62	d9.0	a50	kb80/16
uther	fair	f13-16	su13	act4	tot44	end28	reach1.10H	z-0.11..0.79	d14.0	a40	kb110/30
dreadlord	jab	f5-6	su5	act2	tot21	end15	reach0.55H	z0.23..0.42	d4.0	a35	kb75/18
dreadlord	ftilt	f9-11	su9	act3	tot33	end22	reach0.80H	z0.15..0.55	d10.0	a35	kb100/22
dreadlord	ftilt^	f9-11	su9	act3	tot33	end22	reach0.80H	z0.27..0.80	d10.0	a35	kb100/22
dreadlord	ftiltv	f9-11	su9	act3	tot33	end22	reach0.80H	z-0.11..0.42	d10.0	a35	kb100/22
dreadlord	utilt	f8-11	su8	act4	tot33	end22	reach0.61H	z0.36..0.80	d9.0	a85	kb95/20
dreadlord	dtilt	f7-9	su7	act3	tot29	end20	reach0.80H	z-0.08..0.20	d6.0	a70	kb55/12
dreadlord	nair	f7-12	su7	act6	tot34	end22	reach0.80H	z-0.03..0.80	d9.0	a50	kb75/18
dreadlord	fair	f10-13	su10	act4	tot37	end24	reach1.10H	z0.14..0.56	d12.0	a40	kb100/22
shadow-hunter	jab	f5-6	su5	act2	tot20	end14	reach0.55H	z0.25..0.40	d3.0	a35	kb75/18
shadow-hunter	ftilt	f9-11	su9	act3	tot32	end21	reach1.10H	z0.14..0.55	d9.0	a35	kb75/18
shadow-hunter	ftilt^	f9-11	su9	act3	tot32	end21	reach1.10H	z0.29..1.15	d9.0	a35	kb75/18
shadow-hunter	ftiltv	f9-11	su9	act3	tot32	end21	reach1.10H	z-0.47..0.39	d9.0	a35	kb75/18
shadow-hunter	utilt	f8-11	su8	act4	tot32	end21	reach0.39H	z0.33..0.80	d8.0	a85	kb95/20
shadow-hunter	dtilt	f7-9	su7	act3	tot28	end19	reach0.80H	z-0.05..0.17	d6.0	a70	kb55/12
shadow-hunter	nair	f7-11	su7	act5	tot32	end21	reach0.80H	z0.19..0.80	d8.0	a50	kb75/18
shadow-hunter	fair	f10-12	su10	act3	tot37	end25	reach1.10H	z0.14..0.55	d11.0	a40	kb100/22
archer	dash	f0-0	su5	act2	tot32	end26	reach-7575757.58H	z7575757.58..-7575757.58	d0.0	a	kb
rifleman	dash	f0-0	su5	act2	tot32	end26	reach-7575757.58H	z7575757.58..-7575757.58	d0.0	a	kb
illidan	dash	f0-0	su5	act2	tot32	end26	reach-7575757.58H	z7575757.58..-7575757.58	d0.0	a	kb
blademaster	dash	f10-13	su10	act4	tot39	end26	reach1.10H	z0.09..0.50	d10.0	a45	kb95/20
mountain-king	dash	f11-15	su11	act5	tot43	end28	reach0.18H	z-0.09..0.67	d12.0	a40	kb95/22
warden	dash	f8-11	su8	act4	tot35	end24	reach0.80H	z0.15..0.61	d9.0	a60	kb95/20
lich	dash	f12-16	su12	act5	tot45	end29	reach0.18H	z-0.08..0.74	d10.0	a50	kb95/20
uther	dash	f12-16	su12	act5	tot45	end29	reach0.18H	z-0.05..0.68	d12.0	a45	kb95/22
dreadlord	dash	f10-14	su10	act5	tot41	end27	reach0.80H	z0.15..0.48	d11.0	a50	kb95/20
shadow-hunter	dash	f10-13	su10	act4	tot40	end27	reach0.80H	z0.04..0.58	d10.0	a50	kb95/20
